Tlf, Edificio, Planta, Servicio

972, MATERNO CENTRAL, 6, CENTRAL TELEFÓNICA
74671, MATERNO CENTRAL, BAJA, ADMISIÓN CENTRAL URGENCIAS PEDIATRÍA
78787, MATERNO CENTRAL, SOT1, ADMISIÓN Admisión FAX
78504, MATERNO MAR, BAJA, ADMISIÓN Citación 1ª Visita
78768, MATERNO MAR, BAJA, ADMISIÓN FAX
78501, MATERNO MAR, BAJA, ADMISIÓN Información Consultas
78513, MATERNO CENTRAL, SOT1, ADMISIÓN Ingresos Hospitalarios 1
78514, MATERNO CENTRAL, SOT1, ADMISIÓN Ingresos Hospitalarios 2
78515, MATERNO CENTRAL, SOT1, ADMISIÓN Ingresos Hospitalarios 3
78503, MATERNO MAR, BAJA, ADMISIÓN Jefatura de Grupo CC EE
78516, MATERNO CENTRAL, SOT1, ADMISIÓN Jefe de Servicio
78517, MATERNO CENTRAL, SOT1, ADMISIÓN Lista de Espera 1
78518, MATERNO CENTRAL, SOT1, ADMISIÓN Lista de Espera 2
78519, MATERNO CENTRAL, SOT1, ADMISIÓN Lista de Espera 3
78520, MATERNO CENTRAL, SOT1, ADMISIÓN Lista de Espera 4
78502, MATERNO MAR, BAJA, ADMISIÓN Propuestas
78698, MATERNO CENTRAL, SOT1, ADMISIÓN Propuestas 1
78699, MATERNO CENTRAL, SOT1, ADMISIÓN Propuestas 2
78700, MATERNO CENTRAL, SOT1, ADMISIÓN Propuestas 3
74811, MATERNO CENTRAL, SOT1, ANATOMÍA PATOLÓGICA ALMACÉN DE NEVERAS
78658, MATERNO MAR, 2ª, ANATOMÍA PATOLÓGICA Análisis de Imagen
78684, MATERNO MAR, 2ª, ANATOMÍA PATOLÓGICA Citología
78685, MATERNO MAR, 2ª, ANATOMÍA PATOLÓGICA Citología Citotécnicos
78661, MATERNO MAR, 2ª, ANATOMÍA PATOLÓGICA Despacho Médico 1 Jefe de Servicio
78662, MATERNO MAR, 2ª, ANATOMÍA PATOLÓGICA Despacho Médico 2
78663, MATERNO MAR, 2ª, ANATOMÍA PATOLÓGICA Despacho Médico 3
78664, MATERNO MAR, 2ª, ANATOMÍA PATOLÓGICA Despacho Médico 4
78665, MATERNO MAR, 2ª, ANATOMÍA PATOLÓGICA Despacho Médico 5
78666, MATERNO MAR, 2ª, ANATOMÍA PATOLÓGICA Despacho Médico 6
78667, MATERNO MAR, 2ª, ANATOMÍA PATOLÓGICA Despacho Médico 7
78668, MATERNO MAR, 2ª, ANATOMÍA PATOLÓGICA Despacho Médico 8
78669, MATERNO MAR, 2ª, ANATOMÍA PATOLÓGICA Despacho Médico 9
78670, MATERNO MAR, 2ª, ANATOMÍA PATOLÓGICA Despacho Médico 10
78671, MATERNO MAR, 2ª, ANATOMÍA PATOLÓGICA Despacho Médico 11
78672, MATERNO MAR, 2ª, ANATOMÍA PATOLÓGICA Despacho Médico 12
78673, MATERNO MAR, 2ª, ANATOMÍA PATOLÓGICA Despacho Médico 13
78674, MATERNO MAR, 2ª, ANATOMÍA PATOLÓGICA Despacho Médico 14
78675, MATERNO MAR, 2ª, ANATOMÍA PATOLÓGICA Despacho Médico 15
78676, MATERNO MAR, 2ª, ANATOMÍA PATOLÓGICA Despacho Médico 16
78677, MATERNO MAR, 2ª, ANATOMÍA PATOLÓGICA Despacho Médico 17
78783, MATERNO MAR, 2ª, ANATOMÍA PATOLÓGICA Fax Citología
78782, MATERNO MAR, 2ª, ANATOMÍA PATOLÓGICA Fax Secretaría
78681, MATERNO MAR, 2ª, ANATOMÍA PATOLÓGICA Laboratorio 1 Patología Molecular
78682, MATERNO MAR, 2ª, ANATOMÍA PATOLÓGICA Laboratorio 2 Patología Molecular
78683, MATERNO MAR, 2ª, ANATOMÍA PATOLÓGICA Laboratorio 3 Patología Molecular
78679, MATERNO MAR, 2ª, ANATOMÍA PATOLÓGICA Laboratorio General 1
78680, MATERNO MAR, 2ª, ANATOMÍA PATOLÓGICA Laboratorio General 2
78659, MATERNO MAR, 2ª, ANATOMÍA PATOLÓGICA Microfotografía
78656, MATERNO MAR, 2ª, ANATOMÍA PATOLÓGICA Microscopía Docente
78657, MATERNO MAR, 2ª, ANATOMÍA PATOLÓGICA Microscopia Fluorescencia
78650, MATERNO MAR, 2ª, ANATOMÍA PATOLÓGICA Recepción de Muestras
78678, MATERNO MAR, 2ª, ANATOMÍA PATOLÓGICA Sala de Reuniones
78651, MATERNO MAR, 2ª, ANATOMÍA PATOLÓGICA Secretaría 1
78652, MATERNO MAR, 2ª, ANATOMÍA PATOLÓGICA Secretaría 2
78653, MATERNO MAR, 2ª, ANATOMÍA PATOLÓGICA Secretaría 3
78654, MATERNO MAR, 2ª, ANATOMÍA PATOLÓGICA Secretaría 4
78660, MATERNO MAR, 2ª, ANATOMÍA PATOLÓGICA Supervisión de Enfermería
78655, MATERNO MAR, 2ª, ANATOMÍA PATOLÓGICA Tallado y Macro
74904, MATERNO CENTRAL, 2ª, ANESTESIOLOGÍA Consulta UDO
74905, MATERNO CENTRAL, 2ª, ANESTESIOLOGÍA Dormitorio Médico 1
74906, MATERNO CENTRAL, 2ª, ANESTESIOLOGÍA Dormitorio Médico 2
74908, MATERNO CENTRAL, 2ª, ANESTESIOLOGÍA Jefe de Sección
74909, MATERNO CENTRAL, 2ª, ANESTESIOLOGÍA Jefe de Servicio
74907, MATERNO CENTRAL, 2ª, ANESTESIOLOGÍA Sala de Reuniones
74910, MATERNO CENTRAL, 2ª, ANESTESIOLOGÍA Secretaría
78521, MATERNO MAR, SOT2, ARCHIVOS Control Mesa 1
78522, MATERNO MAR, SOT2, ARCHIVOS Control Mesa 2
78523, MATERNO MAR, SOT2, ARCHIVOS Control Planta Hospitalización 1
78524, MATERNO MAR, SOT2, ARCHIVOS Control Planta Hospitalización 2
78525, MATERNO MAR, SOT2, ARCHIVOS Control Trabajo Fotocopias
78526, MATERNO MAR, SOT2, ARCHIVOS Despacho Jefe de Grupo
78784, MATERNO MAR, SOT2, ARCHIVOS FAX
78785, MATERNO MAR, SOT2, ARCHIVOS Teléfono inalámbrico
78528, MATERNO MAR, SOT2, ARCHIVOS Trabajo Administrativo 1
78529, MATERNO MAR, SOT2, ARCHIVOS Trabajo Administrativo 2
74520, MATERNO NORTE, BAJA, ÁREA DE GESTIÓN DE LA CALIDAD INFORMACIÓN
78505, MATERNO CENTRAL, SOT1, ÁREA DE GESTIÓN DE LA CALIDAD Servicio de Atención al Usuario 1
78506, MATERNO CENTRAL, SOT1, ÁREA DE GESTIÓN DE LA CALIDAD Servicio de Atención al Usuario 2
78788, MATERNO CENTRAL, SOT1, ÁREA DE GESTIÓN DE LA CALIDAD Servicio de Atención al Usuario FAX
78508, MATERNO CENTRAL, SOT1, ÁREA DE GESTIÓN DE LA CALIDAD Servicio de Atención Usuario Supervisión
78507, MATERNO CENTRAL, SOT1, ÁREA DE GESTIÓN DE LA CALIDAD Trabajador Social
78509, MATERNO MAR, BAJA, ÁREA DE GESTIÓN DE LA CALIDAD Unidad de Traslados 1
78510, MATERNO MAR, BAJA, ÁREA DE GESTIÓN DE LA CALIDAD Unidad de traslados 2
74881, MATERNO MAR, BAJA, ÁREA DE GESTIÓN DE LA CALIDAD Unidad Traslados FAX
78537, MATERNO MAR, SOT2, BIBLIOTECA SECRETARÍA
78786, MATERNO MAR, SOT2, BIBLIOTECA SECRETARÍA FAX
78538, MATERNO MAR, SOT2, BIBLIOTECA ZONA DE TRABAJO MÉDICO
78512, MATERNO CENTRAL, SOT1, CAFETERÍA COMEDOR PERSONAL
74855, MATERNO CENTRAL, 4ª, CARDIOLOGÍA CIRUGÍA CARDIACA
78687, MATERNO MAR, 3ª, CC EE ANESTESIA DESPACHO 1
78688, MATERNO MAR, 3ª, CC EE ANESTESIA DESPACHO 2
78689, MATERNO MAR, 3ª, CC EE ANESTESIA ENFERMERÍA
78726, MATERNO MAR, 2ª, CC EE Mod 1 GINECOLOGÍA Admisión 1 Ginecología
78727, MATERNO MAR, 2ª, CC EE Mod 1 GINECOLOGÍA Admisión 2 Ginecología
78706, MATERNO MAR, 2ª, CC EE Mod 1 GINECOLOGÍA Consulta de Ginecología Sala 6
78701, MATERNO MAR, 2ª, CC EE Mod 1 GINECOLOGÍA Consulta de Oncología Pélvica Sala 1
78702, MATERNO MAR, 2ª, CC EE Mod 1 GINECOLOGÍA Consulta de Oncología Pélvica Sala 2
78715, MATERNO MAR, 2ª, CC EE Mod 1 GINECOLOGÍA Consulta de Patología Cervical Sala 15
78705, MATERNO MAR, 2ª, CC EE Mod 1 GINECOLOGÍA Consulta de Patología Cervical Sala 5
78703, MATERNO MAR, 2ª, CC EE Mod 1 GINECOLOGÍA Consulta de Patología Mama Sala 3
78704, MATERNO MAR, 2ª, CC EE Mod 1 GINECOLOGÍA Consulta de Patología Mama Sala 4
78709, MATERNO MAR, 2ª, CC EE Mod 1 GINECOLOGÍA Consulta de Reproducción Humana Sala 9
78714, MATERNO MAR, 2ª, CC EE Mod 1 GINECOLOGÍA Educación Diabetológica Sala 14
78716, MATERNO MAR, 2ª, CC EE Mod 1 GINECOLOGÍA Enfermería Oncológica Sala 16
78710, MATERNO MAR, 2ª, CC EE Mod 1 GINECOLOGÍA Enfermería Reproducción Sala 10
78733, MATERNO MAR, 2ª, CC EE Mod 1 GINECOLOGÍA Enfermería Reproducción Sala 10
78711, MATERNO MAR, 2ª, CC EE Mod 1 GINECOLOGÍA Enfermería Reproducción Sala 11
78781, MATERNO MAR, 2ª, CC EE Mod 1 GINECOLOGÍA Fax Trabajo de Enfermería
78707, MATERNO MAR, 2ª, CC EE Mod 1 GINECOLOGÍA Patología del Suelo Pélvica Sala 7
78708, MATERNO MAR, 2ª, CC EE Mod 1 GINECOLOGÍA Patología del Suelo Pélvica Sala 8
78712, MATERNO MAR, 2ª, CC EE Mod 1 GINECOLOGÍA Reproducción Humana Sala 12
78729, MATERNO MAR, 2ª, CC EE Mod 1 GINECOLOGÍA Supervisión Enfermería Sala 13
78728, MATERNO MAR, 2ª, CC EE Mod 1 GINECOLOGÍA Trabajo de Enfermería 1
78713, MATERNO MAR, 2ª, CC EE Mod 1 GINECOLOGÍA Trabajo de Enfermería 2
78734, MATERNO MAR, 2ª, CC EE Mod 1 GINECOLOGÍA Trabajo de Enfermería 3
78731, MATERNO MAR, 2ª, CC EE Mod 2 OBSTETRICIA Admisión 1 Obstetricia
78732, MATERNO MAR, 2ª, CC EE Mod 2 OBSTETRICIA Admisión 2 Obstetricia
78717, MATERNO MAR, 2ª, CC EE Mod 2 OBSTETRICIA Consulta de Ecografía A Sala 17
78718, MATERNO MAR, 2ª, CC EE Mod 2 OBSTETRICIA Consulta de Ecografía B Sala 18
78719, MATERNO MAR, 2ª, CC EE Mod 2 OBSTETRICIA Consulta de Ecografía C Sala 19
78720, MATERNO MAR, 2ª, CC EE Mod 2 OBSTETRICIA Consulta de Ecografía D Sala 20
78723, MATERNO MAR, 2ª, CC EE Mod 2 OBSTETRICIA Consulta de Ecografía E Sala 23
78721, MATERNO MAR, 2ª, CC EE Mod 2 OBSTETRICIA Consulta de Obstetricia A Sala 21
78722, MATERNO MAR, 2ª, CC EE Mod 2 OBSTETRICIA Consulta de Obstetricia B Sala 22
78724, MATERNO MAR, 2ª, CC EE Mod 2 OBSTETRICIA Fisiopatología Fetal Sala 24
78725, MATERNO MAR, 2ª, CC EE Mod 2 OBSTETRICIA Sala de Exploración
78730, MATERNO MAR, 2ª, CC EE Mod 2 OBSTETRICIA Secretaría de Ecografía
78691, MATERNO MAR, 1ª, CC EE PEDIATRÍA Módulo 1 Admisión 1
78692, MATERNO MAR, 1ª, CC EE PEDIATRÍA Módulo 1 Admisión 2
78603, MATERNO MAR, 1ª, CC EE PEDIATRÍA Módulo 1 Despacho Médico Neurofisiología Sala 3
78605, MATERNO MAR, 1ª, CC EE PEDIATRÍA Módulo 1 Electroencefalografía Sala 5
78601, MATERNO MAR, 1ª, CC EE PEDIATRÍA Módulo 1 Electromiografía Sala 1
78611, MATERNO MAR, 1ª, CC EE PEDIATRÍA Módulo 1 Endocrinología Pediátrica Sala 11
78612, MATERNO MAR, 1ª, CC EE PEDIATRÍA Módulo 1 Endocrinología Pediátrica Sala 12
78613, MATERNO MAR, 1ª, CC EE PEDIATRÍA Módulo 1 Enfermería Educación Diabetológica
78770, MATERNO MAR, 1ª, CC EE PEDIATRÍA Módulo 1 Fax de Neurofisiología
78771, MATERNO MAR, 1ª, CC EE PEDIATRÍA Módulo 1 Fax de Neurología Pediátrica
78606, MATERNO MAR, 1ª, CC EE PEDIATRÍA Módulo 1 Hematología Neurocirugía
78602, MATERNO MAR, 1ª, CC EE PEDIATRÍA Módulo 1 Jefe Servicio Neurofisiología Sala 2
78609, MATERNO MAR, 1ª, CC EE PEDIATRÍA Módulo 1 Nefrología Infecciosos
78610, MATERNO MAR, 1ª, CC EE PEDIATRÍA Módulo 1 Nefrología Pediátrica Sala 10
78607, MATERNO MAR, 1ª, CC EE PEDIATRÍA Módulo 1 Neurología Pediátrica Sala 7
78608, MATERNO MAR, 1ª, CC EE PEDIATRÍA Módulo 1 Neurología Pediátrica Sala 8
78616, MATERNO MAR, 1ª, CC EE PEDIATRÍA Módulo 1 Sala Sesiones Neurofisiología Sala 4
78600, MATERNO MAR, 1ª, CC EE PEDIATRÍA Módulo 1 Secretaría de Neurofisiología
78614, MATERNO MAR, 1ª, CC EE PEDIATRÍA Módulo 1 Trabajo de Enfermería
78693, MATERNO MAR, 1ª, CC EE PEDIATRÍA Módulo 2 Admisión 1
78694, MATERNO MAR, 1ª, CC EE PEDIATRÍA Módulo 2 Admisión 2
78628, MATERNO MAR, 1ª, CC EE PEDIATRÍA Módulo 2 Alergia Sala 28
78626, MATERNO MAR, 1ª, CC EE PEDIATRÍA Módulo 2 Cirugía Pediátrica Sala 26
78627, MATERNO MAR, 1ª, CC EE PEDIATRÍA Módulo 2 Cirugía Pediátrica Sala 27
78773, MATERNO MAR, 1ª, CC EE PEDIATRÍA Módulo 2 Fax CC EE Oftalmología Traumatología
78620, MATERNO MAR, 1ª, CC EE PEDIATRÍA Módulo 2 Implantes Sala 20
78629, MATERNO MAR, 1ª, CC EE PEDIATRÍA Módulo 2 Neumología Sala 29
78621, MATERNO MAR, 1ª, CC EE PEDIATRÍA Módulo 2 Otorrinolaringología Sala 21
78632, MATERNO MAR, 1ª, CC EE PEDIATRÍA Módulo 2 Otorrinolaringología Sala 32
78619, MATERNO MAR, 1ª, CC EE PEDIATRía Módulo 2 Potenciales Evocados Auditivos Sala 19
78697, MATERNO MAR, 1ª, CC EE PEDIATRÍA Módulo 2 Potenciales y Otoemisiones Sala 33
78622, MATERNO MAR, 1ª, CC EE PEDIATRÍA Módulo 2 Sala de Fibroscopias Sala 22
78634, MATERNO MAR, 1ª, CC EE PEDIATRÍA Módulo 2 Secretaría de Traumatología
78631, MATERNO MAR, 1ª, CC EE PEDIATRÍA Módulo 2 Traumatología Sala de Yesos Sala 31
78623, MATERNO MAR, 1ª, CC EE PEDIATRÍA Módulo 2 Traumatología Lactantes Neurocirugía
78625, MATERNO MAR, 1ª, CC EE PEDIATRÍA Módulo 2 Traumatología Neonatología
78624, MATERNO MAR, 1ª, CC EE PEDIATRÍA Módulo 2 Traumatología Preescolares Escolares
78695, MATERNO MAR, 1ª, CC EE PEDIATRÍA Módulo 3 Admisión 1
78696, MATERNO MAR, 1ª, CC EE PEDIATRÍA Módulo 3 Admisión 2
78648, MATERNO MAR, 1ª, CC EE PEDIATRÍA Módulo 3 Alergia Consulta de enfermería Sala 48
78635, MATERNO MAR, 1ª, CC EE PEDIATRÍA Módulo 3 Alergias Pediátricas Sala 35
78636, MATERNO MAR, 1ª, CC EE PEDIATRÍA Módulo 3 Alergias Pediátricas Sala 36
78639, MATERNO MAR, 1ª, CC EE PEDIATRÍA Módulo 3 Cardiología Pediát y Cirugía Cardíaca
78640, MATERNO MAR, 1ª, CC EE PEDIATRÍA Módulo 3 Cardiología Pediátrica Sala 40
78641, MATERNO MAR, 1ª, CC EE PEDIATRÍA Módulo 3 Cardiología Pediátrica Neonatología
78604, MATERNO MAR, 1ª, CC EE PEDIATRÍA Módulo 3 Dietista Sala 50
78642, MATERNO MAR, 1ª, CC EE PEDIATRÍA Módulo 3 Digestivo Pediátrico Sala 42
78643, MATERNO MAR, 1ª, CC EE PEDIATRÍA Módulo 3 Digestivo Pediátrico Sala 43
78646, MATERNO MAR, 1ª, CC EE PEDIATRÍA Módulo 3 Electrocardiografía Estudios de Holter
78644, MATERNO MAR, 1ª, CC EE PEDIATRÍA Módulo 3 Endoscopias Digestivas Sala 44
78647, MATERNO MAR, 1ª, CC EE PEDIATRÍA Módulo 3 Ergometría Sala 47
78769, MATERNO MAR, 1ª, CC EE PEDIATRÍA Módulo 3 Fax Consultas Cardiología Pediátrica
78638, MATERNO MAR, 1ª, CC EE PEDIATRÍA Módulo 3 Neumología Pediátrica Sala 38
78615, MATERNO MAR, 1ª, CC EE PEDIATRÍA Módulo 3 Pruebas Funcionales de Digestivos
78645, MATERNO MAR, 1ª, CC EE PEDIATRÍA Módulo 3 Pruebas Funcionales de Digestivos
78780, MATERNO MAR, 1ª, CC EE PEDIATRÍA Módulo 3 Pruebas Funcionales de Digestivos FAX
78637, MATERNO MAR, 1ª, CC EE PEDIATRÍA Módulo 3 Pruebas Funcionales Respiratorias
78649, MATERNO MAR, 1ª, CC EE PEDIATRÍA Módulo 3 Secretaría de Cardiología Pediátrica
78690, MATERNO MAR, 1ª, CC EE PEDIATRÍA Supervisión de Enfermería
74500, MATERNO INSULAR, BAJA, CENTRALITA OPERADORA
74738, MATERNO CENTRAL, 4ª, CIRUGÍA CARDIACA CONTROL
74626, MATERNO CENTRAL, 5ª, CIRUGÍA PEDIÁTRICA CONTROL DE PLANTA
74819, MATERNO CENTRAL, 5ª, CIRUGÍA PEDIÁTRICA DESPACHO
74651, MATERNO CENTRAL, 5ª, CIRUGÍA PEDIÁTRICA DORMITORIO
74504, MATERNO CENTRAL, 5ª, CIRUGÍA PEDIÁTRICA JEFE DE SECCIÓN
74984, MATERNO CENTRAL, 2ª, CIRUGÍA PEDIÁTRICA JEFE DE SERVICIO
74506, MATERNO CENTRAL, 5ª, CIRUGÍA PEDIÁTRICA SALA DE SESIONES
74675, MATERNO CENTRAL, 5ª, CIRUGÍA PEDIÁTRICA SECRETARÍA
74674, MATERNO CENTRAL, 5ª, CIRUGÍA PEDIÁTRICA SECRETARÍA FAX
74666, MATERNO CENTRAL, 5ª, CIRUGÍA PEDIÁTRICA SUPERVISIÓN ENFERMERÍA
74804, MATERNO CENTRAL, SOT1, COCINA DESPACHO PEDIDOS
78531, MATERNO MAR, SOT2, CODIFICACIÓN Codificación 1
78532, MATERNO MAR, SOT2, CODIFICACIÓN Codificación 2
78533, MATERNO MAR, SOT2, CODIFICACIÓN Codificación 3
78534, MATERNO MAR, SOT2, CODIFICACIÓN Codificación 4 Jefe de Servicio
78535, MATERNO MAR, SOT2, CODIFICACIÓN Codificación 5
74912, MATERNO CENTRAL, 2ª, CONSULTAS EXTERNAS DE GENÉTICA Consulta Médica
74911, MATERNO CENTRAL, 2ª, CONSULTAS EXTERNAS DE GENÉTICA Secretaria
74564, MATERNO CENTRAL, 2ª, CONSULTAS EXTERNAS GINECOLOGÍA Reproducción Humana Banco de Semen
74563, MATERNO CENTRAL, 2ª, CONSULTAS EXTERNAS GINECOLOGÍA Reproducción Humana Lab Andrología
74562, MATERNO CENTRAL, 2ª, CONSULTAS EXTERNAS GINECOLOGÍA Reproducción Humana Laboratorio FIV
74565, MATERNO CENTRAL, 2ª, CONSULTAS EXTERNAS GINECOLOGÍA Reproducción Humana Recepción Muestras
74566, MATERNO CENTRAL, 2ª, CONSULTAS EXTERNAS GINECOLOGÍA Reproducción Humana Sala de Punciones
74509, MATERNO CENTRAL, 2ª, CONSULTAS EXTERNAS GINECOLOGÍA Reproducción Humana Fecundación In Vitro
74930, MATERNO NORTE, 1ª, DIRECCIÓN MÉDICA Coordinación A P y A E Pediatría
74932, MATERNO NORTE, 1ª, DIRECCIÓN MÉDICA Coordinación Quirúrgica Secretaría
74947, MATERNO NORTE, 1ª, DIRECCIÓN MÉDICA Oficio
74927, MATERNO NORTE, 1ª, DIRECCIÓN MÉDICA Sala de Reuniones Coordinadores
74943, MATERNO NORTE, 1ª, DIRECCIÓN MÉDICA Sala de Reuniones Médica
74988, MATERNO NORTE, 1ª, DIRECCIÓN MÉDICA Secret Coord A P y A E Pediatría
74949, MATERNO NORTE, 1ª, DIRECCIÓN MÉDICA Secret Subd Méd Área Materno Infantil
74944, MATERNO NORTE, 1ª, DIRECCIÓN MÉDICA Secret Subd Méd Servicios Centrales
74924, MATERNO NORTE, 1ª, DIRECCIÓN MÉDICA Secretaría Docencia MIR
74882, MATERNO NORTE, 1ª, DIRECCIÓN MÉDICA Secretaría Docencia MIR FAX
74948, MATERNO NORTE, 1ª, DIRECCIÓN MÉDICA Subd Médica Área Materno Infantil
74945, MATERNO NORTE, 1ª, DIRECCIÓN MÉDICA Subdirección Médica Servicios Centrales
74946, MATERNO NORTE, 1ª, DIRECCIÓN MÉDICA Subdirección Médica Servicios Centrales
74843, MATERNO CENTRAL, SOT1, ELECTROMEDICINA DESPACHO JEFE DE SERVICIO
74660, MATERNO CENTRAL, SOT1, ELECTROMEDICINA FAX
74852, MATERNO CENTRAL, SOT1, ELECTROMEDICINA LABORATORIO 2
74853, MATERNO CENTRAL, SOT1, ELECTROMEDICINA LABORATORIO 3
74842, MATERNO CENTRAL, SOT2, ELECTROMEDICINA LOCAL ALMACÉN
74841, MATERNO CENTRAL, SOT1, ELECTROMEDICINA SECRETARÍA
74815, MATERNO CENTRAL, 6ª, ESCUELA CIBER AULA
74549, MATERNO CENTRAL, 4ª, ESPECIALIDADES CONTROL OFT ORL Traumatología
74623, MATERNO CENTRAL, 4ª, ESPECIALIDADES DESPACHO MÉDICO
74717, MATERNO CENTRAL, 4ª, ESPECIALIDADES SALA SESIONES
74622, MATERNO CENTRAL, 4ª, ESPECIALIDADES SUPERVISIÓN ENFERMERÍA
78543, MATERNO MAR, BAJA, EXTRACCIONES TOMA DE MUESTRAS Clasificación Muestras Adultos
78544, MATERNO MAR, BAJA, EXTRACCIONES TOMA DE MUESTRAS Clasificación Muestras Infantiles
78545, MATERNO MAR, BAJA, EXTRACCIONES TOMA DE MUESTRAS Control Extraciones Adultos
78546, MATERNO MAR, BAJA, EXTRACCIONES TOMA DE MUESTRAS Control Extraciones Infantiles
74665, MATERNO CENTRAL, BAJA, FACTURACIÓN A TERCEROS Facturación Pacientes Cobro 1
74664, MATERNO CENTRAL, BAJA, FACTURACIÓN A TERCEROS Facturación Pacientes Fax
74861, MATERNO CENTRAL, SOT1, FARMACIA CALIDAD
74859, MATERNO CENTRAL, SOT1, FARMACIA CENTRO DE INFORMACIÓN DE MEDICAMENTOS
74570, MATERNO CENTRAL, SOT1, FARMACIA DESPACHO PACIENTES EXTERNOS
74797, MATERNO CENTRAL, SOT1, FARMACIA FARMACOTENIA
74808, MATERNO CENTRAL, SOT1, FARMACIA FAX
74850, MATERNO CENTRAL, SOT1, FARMACIA JEFE SERVICIO
74502, MATERNO CENTRAL, SOT1, FARMACIA OFICIO
74860, MATERNO CENTRAL, SOT1, FARMACIA ONCOLOGÍA
74802, MATERNO CENTRAL, SOT1, FARMACIA PEDIDOS PLANTAS
74812, MATERNO CENTRAL, SOT1, FARMACIA PREP ESTÉRILES Y FORMULACIÓN MAGISTRAL
74809, MATERNO CENTRAL, SOT1, FARMACIA Programa Taro
74856, MATERNO CENTRAL, SOT1, FARMACIA RECEPCIÓN MERCANCIAS
74805, MATERNO CENTRAL, SOT1, FARMACIA SECRETARÍA 1
74857, MATERNO CENTRAL, SOT1, FARMACIA SECRETARÍA 2
74807, MATERNO CENTRAL, SOT1, FARMACIA SUPERVISIÓN ENFERMERÍA
74555, MATERNO CENTRAL, SOT1, FARMACIA UNIDOSIS 1
74810, MATERNO CENTRAL, SOT1, FARMACIA UNIDOSIS 2
74707, MATERNO CENTRAL, 3ª, HISTORIA CLÍNICA ELECTRÓNICA Aula de Docencia 1 2
78617, MATERNO MAR, 1ª, HOSPITAL DE DÍA Control
78618, MATERNO MAR, 1ª, HOSPITAL DE DÍA Trabajo de Enfermería
74544, MATERNO CENTRAL, 8ª, HOSPITALIZACIÓN CONTROL Ginecología
74546, MATERNO CENTRAL, 6ª, HOSPITALIZACIÓN CONTROL Obstetricia
74547, MATERNO CENTRAL, 7ª, HOSPITALIZACIÓN CONTROL Obstetricia
74548, MATERNO CENTRAL, 5ª, HOSPITALIZACIÓN CONTROL Obstetricia
78548, MATERNO MAR, 3ª, LABORATORIO DE ANÁLISIS CLÍNICOS Administrativo
78549, MATERNO MAR, 3ª, LABORATORIO DE ANÁLISIS CLÍNICOS Automatización 1
78550, MATERNO MAR, 3ª, LABORATORIO DE ANÁLISIS CLÍNICOS Automatización 2
78552, MATERNO MAR, 3ª, LABORATORIO DE ANÁLISIS CLÍNICOS Automatización 3
78551, MATERNO MAR, 3ª, LABORATORIO DE ANÁLISIS CLÍNICOS Cromatografía 1
78553, MATERNO MAR, 3ª, LABORATORIO DE ANÁLISIS CLÍNICOS Cuarto de Muestras
78554, MATERNO MAR, 3ª, LABORATORIO DE ANÁLISIS CLÍNICOS Cuarto Oscuro
78555, MATERNO MAR, 3ª, LABORATORIO DE ANÁLISIS CLÍNICOS Despacho Médico 1 Jefe de Servicio
78556, MATERNO MAR, 3ª, LABORATORIO DE ANÁLISIS CLÍNICOS Despacho Médico 2 Automatización
78557, MATERNO MAR, 3ª, LABORATORIO DE ANÁLISIS CLÍNICOS Despacho Médico 3
78558, MATERNO MAR, 3ª, LABORATORIO DE ANÁLISIS CLÍNICOS Despacho Médico 4 Prenatal
78559, MATERNO MAR, 3ª, LABORATORIO DE ANÁLISIS CLÍNICOS Despacho Médico 5 Genética
78560, MATERNO MAR, 3ª, LABORATORIO DE ANÁLISIS CLÍNICOS Despacho Médico 6 Citogenética
78561, MATERNO MAR, 3ª, LABORATORIO DE ANÁLISIS CLÍNICOS Diagnóstico Prenatal
78568, MATERNO MAR, 3ª, LABORATORIO DE ANÁLISIS CLÍNICOS Exclusa 2 Zona Post PCR Genética
78567, MATERNO MAR, 3ª, LABORATORIO DE ANÁLISIS CLÍNICOS Exclusa1 Zona PCR Genética
78579, MATERNO MAR, 3ª, LABORATORIO DE ANÁLISIS CLÍNICOS Exclusa1 Zona Pre PCR Genética
78562, MATERNO MAR, 3ª, LABORATORIO DE ANÁLISIS CLÍNICOS Orinas
78563, MATERNO MAR, 3ª, LABORATORIO DE ANÁLISIS CLÍNICOS Sala de Sesiones
78564, MATERNO MAR, 3ª, LABORATORIO DE ANÁLISIS CLÍNICOS Supervisión de Enfermería
78565, MATERNO MAR, 3ª, LABORATORIO DE ANÁLISIS CLÍNICOS Zona Análisis Microscopios Genética
78566, MATERNO MAR, 3ª, LABORATORIO DE ANÁLISIS CLÍNICOS Zona Cultivos Genética
78569, MATERNO MAR, 3ª, LABORATORIO DE ANÁLISIS CLÍNICOS Zona Procesado de Muestras 1 Genética
78570, MATERNO MAR, 3ª, LABORATORIO DE ANÁLISIS CLÍNICOS Zona Procesado de Muestras 2 Genética
78571, MATERNO MAR, 3ª, LABORATORIO DE HEMATOLOGÍA Y HEMOTERAPIA Administrativo
78572, MATERNO MAR, 3ª, LABORATORIO DE HEMATOLOGÍA Y HEMOTERAPIA Banco de Sangre
78573, MATERNO MAR, 3ª, LABORATORIO DE HEMATOLOGÍA Y HEMOTERAPIA Despacho Médico 1 Jefe de Servicio
78574, MATERNO MAR, 3ª, LABORATORIO DE HEMATOLOGÍA Y HEMOTERAPIA Despacho Médico 2
78575, MATERNO MAR, 3ª, LABORATORIO DE HEMATOLOGÍA Y HEMOTERAPIA Despacho Médico 2
78576, MATERNO MAR, 3ª, LABORATORIO DE HEMATOLOGÍA Y HEMOTERAPIA Despacho Médico 3
78577, MATERNO MAR, 3ª, LABORATORIO DE HEMATOLOGÍA Y HEMOTERAPIA Despacho Médico 4 FEAS
78578, MATERNO MAR, 3ª, LABORATORIO DE HEMATOLOGÍA Y HEMOTERAPIA Donante 1
78580, MATERNO MAR, 3ª, LABORATORIO DE HEMATOLOGÍA Y HEMOTERAPIA Donante Plaquetas
78581, MATERNO MAR, 3ª, LABORATORIO DE HEMATOLOGÍA Y HEMOTERAPIA Exploración
78776, MATERNO MAR, 3ª, LABORATORIO DE HEMATOLOGÍA Y HEMOTERAPIA Fax Administración
78582, MATERNO MAR, 3ª, LABORATORIO DE HEMATOLOGÍA Y HEMOTERAPIA Inmunohematología 1
78583, MATERNO MAR, 3ª, LABORATORIO DE HEMATOLOGÍA Y HEMOTERAPIA Inmunohematología 2
78584, MATERNO MAR, 3ª, LABORATORIO DE HEMATOLOGÍA Y HEMOTERAPIA Laboratorio Citometría
78585, MATERNO MAR, 3ª, LABORATORIO DE HEMATOLOGÍA Y HEMOTERAPIA Laboratorio Citoquímica
78586, MATERNO MAR, 3ª, LABORATORIO DE HEMATOLOGÍA Y HEMOTERAPIA Laboratorio Coagulación
78587, MATERNO MAR, 3ª, LABORATORIO DE HEMATOLOGÍA Y HEMOTERAPIA Laboratorio Morfologia
78588, MATERNO MAR, 3ª, LABORATORIO DE HEMATOLOGÍA Y HEMOTERAPIA Sala de Sesiones
78589, MATERNO MAR, 3ª, LABORATORIO DE HEMATOLOGÍA Y HEMOTERAPIA Supervisión de Enfermería
78777, MATERNO MAR, 3ª, LABORATORIO DE URGENCIAS Fax Secretaría Análisis Clínicos
78778, MATERNO MAR, 3ª, LABORATORIO DE URGENCIAS Fax Secretaría Hematología
78591, MATERNO MAR, 3ª, LABORATORIO DE URGENCIAS Laboratorio de Hematología
78594, MATERNO MAR, 3ª, LABORATORIO DE URGENCIAS Oficio
78592, MATERNO MAR, 3ª, LABORATORIO DE URGENCIAS Procesado y Distrib Análisis Clínicos
78593, MATERNO MAR, 3ª, LABORATORIO DE URGENCIAS Procesado y Distribución Hematología
78595, MATERNO MAR, 3ª, LABORATORIO DE URGENCIAS Secretaría 1 Hematología
78596, MATERNO MAR, 3ª, LABORATORIO DE URGENCIAS Secretaría 2 Análisis Clínicos
78597, MATERNO MAR, 3ª, LABORATORIO DE URGENCIAS Secretaría 3 Análisis Clínicos
78598, MATERNO MAR, 3ª, LABORATORIO DE URGENCIAS Secretaría 4 Análisis Clínicos
74716, MATERNO CENTRAL, 4ª, LACTANTES Control BOX 1
74715, MATERNO CENTRAL, 4ª, LACTANTES Control BOX 2
74714, MATERNO CENTRAL, 4ª, LACTANTES Control BOX 3 y BOX 4
74713, MATERNO CENTRAL, 4ª, LACTANTES Control BOX 5
74836, MATERNO CENTRAL, 4ª, LACTANTES DESPACHO MÉDICO 1
74854, MATERNO CENTRAL, 4ª, LACTANTES DESPACHO MÉDICO 2
74537, MATERNO CENTRAL, 4ª, LACTANTES Supervisión de Enfermería
74603, MATERNO CENTRAL, 4ª, LENCERÍA CONTROL DE UNIFORMES
74604, MATERNO CENTRAL, 4ª, LENCERÍA COSTURA
74647, MATERNO CENTRAL, SOT1, LENCERÍA DESPACHO GOBERNANTA
74602, MATERNO CENTRAL, SOT1, LENCERÍA OFICIO
74741, MATERNO CENTRAL, SOT1, LENCERÍA ZONA ROPA LIMPIA
74994, MATERNO NORTE, SOT1, LIMPIEZA Despacho
74995, MATERNO MAR, SOT1, LIMPIEZA Despacho Encargada
74703, MATERNO ANEXO 2, SOT1, MANTENIMIENTO ALBAÑILES
74702, MATERNO ANEXO 2, SOT1, MANTENIMIENTO ALMACÉN
74545, MATERNO ANEXO 2, SOT1, MANTENIMIENTO ALMACÉN
74997, MATERNO NORTE, SOT1, MANTENIMIENTO AUDITEL
74749, MATERNO ANEXO 2, SOT1, MANTENIMIENTO CARPINTERÍA
74903, MATERNO MAR, SOT1, MANTENIMIENTO Climatizadoras
74896, MATERNO MAR, SOT2, MANTENIMIENTO Cuadro Eléctrico General
74507, MATERNO CENTRAL, SOT2, MANTENIMIENTO CUADRO ELÉCTRICO GENERAL
74704, MATERNO ANEXO 2, BAJA, MANTENIMIENTO CUARTO HIDROCOMPRESORES
74728, MATERNO ANEXO 2, BAJA, MANTENIMIENTO CUARTO PINTURA
74625, MATERNO ANEXO 2, BAJA, MANTENIMIENTO Despacho Repetición GTC
74731, MATERNO ANEXO 2, BAJA, MANTENIMIENTO FONTANEROS
74897, MATERNO NORTE, SOT1, MANTENIMIENTO Gases Medicinales
74899, MATERNO MAR, SOT1, MANTENIMIENTO Grupo Electrógeno
74999, MATERNO NORTE, SOT1, MANTENIMIENTO GTC 1
74998, MATERNO NORTE, SOT1, MANTENIMIENTO GTC 2
74557, MATERNO ANEXO 2, BAJA, MANTENIMIENTO INGENIERO TÉCNICO 1
74705, MATERNO ANEXO 2, BAJA, MANTENIMIENTO INGENIERO TÉCNICO 2
74876, MATERNO ANEXO 2, BAJA, MANTENIMIENTO INGENIERO TÉCNICO 3
74512, MATERNO ANEXO 2, BAJA, MANTENIMIENTO JEFE DE SECCIÓN
74730, MATERNO ANEXO 2, BAJA, MANTENIMIENTO MECÁNICOS
74551, MATERNO ANEXO 2, BAJA, MANTENIMIENTO OFICIO
74902, MATERNO MAR, SOT2, MANTENIMIENTO POZO BOMBEO ARCHIVOS ALJIBE HIDROS
74839, MATERNO CENTRAL, 9ª, MANTENIMIENTO SALA DE ASCENSORES
74835, CENTRAL, 6ª, MANTENIMIENTO SALA DE ASCENSORES
74552, MATERNO ANEXO 2, BAJA, MANTENIMIENTO SALA DE CALDERAS
74887, MATERNO CENTRAL, 2ª, MANTENIMIENTO Sala de Climatizadoras
74524, MATERNO ANEXO 2, BAJA, MANTENIMIENTO SECRETARÍA 1
74871, MATERNO ANEXO 2, BAJA, MANTENIMIENTO SECRETARÍA 2
74724, MATERNO ANEXO 2, BAJA, MANTENIMIENTO SECRETARÍA FAX
74901, MATERNO NORTE, SOT1, MANTENIMIENTO Subcentral sot1 y Climatizadoras 3ª
74729, MATERNO ANEXO 2, BAJA, MANTENIMIENTO TALLER ELÉCTRICO
74790, MATERNO CENTRAL, 7ª, MEDICINA INTERNA DESPACHO MÉDICO
74535, MATERNO CENTRAL, 3ª, NEONATOLOGÍA DESPACHO ALTA PRECOZ
74525, MATERNO CENTRAL, 3ª, NEONATOLOGÍA DESPACHO MÉDICO 1
74679, MATERNO CENTRAL, 3ª, NEONATOLOGÍA DESPACHO MÉDICO 2
74706, MATERNO CENTRAL, 3ª, NEONATOLOGÍA DORMITORIO MÉDICO
74505, MATERNO CENTRAL, 3ª, NEONATOLOGÍA JEFE DE UNIDAD
74628, MATERNO CENTRAL, 3ª, NEONATOLOGÍA JEFE DEPARTAMENTO
74709, MATERNO CENTRAL, 3ª, NEONATOLOGÍA SALA DE SESIONES
74694, MATERNO CENTRAL, 3ª, NEONATOLOGÍA SECRETARÍA NEONATOS
74646, MATERNO CENTRAL, 3ª, NEONATOLOGÍA SUPERVISIÓN ENFERMERÍA
74695, MATERNO CENTRAL, 5ª, NEUROCIRUGÍA PSIQUIATRÍA SECRETARÍA
74556, MATERNO CENTRAL, 4ª, NEUROFISIOLOGÍA SALA DE SUEÑO
74592, MATERNO CENTRAL, 4ª, NUTRICIÓN INFANTIL BIBERONES
74591, MATERNO CENTRAL, 4ª, NUTRICIÓN INFANTIL SUPERVISIÓN ENFERMERÍA
74624, MATERNO CENTRAL, 7ª, OBSTETRICIA Y GINECOLOGÍA DESPACHO RESIDENTES
74992, MATERNO CENTRAL, 2ª, OFTALMOLOGÍA CONSULTA
74991, MATERNO CENTRAL, 2ª, OFTALMOLOGÍA CONTROL
74990, MATERNO CENTRAL, 2ª, OFTALMOLOGÍA SECRETARÍA 1
74993, MATERNO CENTRAL, 2ª, OFTALMOLOGÍA SECRETARÍA 2
74593, MATERNO CENTRAL, 3ª, ONCOHEMATOLOGÍA CONTROL
74710, MATERNO CENTRAL, 3ª, ONCOHEMATOLOGÍA DESPACHO HEMATOLOGÍA
74711, MATERNO CENTRAL, 3ª, ONCOHEMATOLOGÍA DESPACHO ONCOLOGÍA
74834, MATERNO CENTRAL, 3ª, ONCOHEMATOLOGÍA HOSPITAL DE DÍA
74533, MATERNO CENTRAL, 3ª, ONCOHEMATOLOGÍA SUPERVISIÓN ENFERMERÍA
74922, MATERNO CENTRAL, 2ª, OTORRINOLARINGOLOGÍA Screening de Hipoacusia 1
74923, MATERNO CENTRAL, 2ª, OTORRINOLARINGOLOGÍA Screening de Hipoacusia 2
74720, MATERNO CENTRAL, 4ª, OTORRINO SECRETARÍA
74541, MATERNO CENTRAL, 3ª, PEDIATRÍA Despacho Médico
74846, MATERNO CENTRAL, 5ª, PEDIATRÍA DORMITORIO MÉDICO
74848, MATERNO CENTRAL, 5ª, PEDIATRÍA DORMITORIO MÉDICO
74917, MATERNO CENTRAL, 2ª, PEDIATRÍA Jefe de Servicio
74916, MATERNO CENTRAL, 2ª, PEDIATRÍA Sala de Sesiones
74920, MATERNO CENTRAL, 2ª, PEDIATRÍA Secretaría 1
74918, MATERNO CENTRAL, 2ª, PEDIATRÍA Secretaría 2
74700, MATERNO CENTRAL, 4ª, PREESCOLARES Control 1
74538, MATERNO CENTRAL, 4ª, PREESCOLARES Control 2
74536, MATERNO CENTRAL, 4ª, PREESCOLARES DESPACHO MÉDICO
74780, MATERNO CENTRAL, 4ª, PREESCOLARES Supervisión de Enfermería
74914, MATERNO CENTRAL, 2ª, PSIQUIATRÍA DESPACHO PSICÓLOGA
74921, MATERNO CENTRAL, 2ª, PSIQUIATRÍA DESPACHO PSIQUIATRIA
74685, MATERNO CENTRAL, BAJA, QUIRÓFANO 0 ESTAR PERSONAL
74681, MATERNO CENTRAL, BAJA, QUIRÓFANO 0 QUIRÓFANO 1
74682, MATERNO CENTRAL, BAJA, QUIRÓFANO 0 QUIRÓFANO 2
74683, MATERNO CENTRAL, BAJA, QUIRÓFANO 0 QUIRÓFANO 3
74526, MATERNO CENTRAL, BAJA, QUIRÓFANO 0 SUPERVISIÓN ENFERMERÍA
74684, MATERNO CENTRAL, BAJA, QUIRÓFANO 0 ZONA INTERMEDIA
74690, MATERNO CENTRAL, 1ª, QUIRÓFANO 1 CONTROL CELADORES REANIMACIÓN
74686, MATERNO CENTRAL, 1ª, QUIRÓFANO 1 QUIRÓFANO 4
74687, MATERNO CENTRAL, 1ª, QUIRÓFANO 1 QUIRÓFANO 5
74688, MATERNO CENTRAL, 1ª, QUIRÓFANO 1 QUIRÓFANO 6
74498, MATERNO NORTE, 1ª, QUIRÓFANO 1 REANIMACIÓN
74523, MATERNO CENTRAL, 1ª, QUIRÓFANO 1 SUPERVISIÓN ENFERMERÍA
74689, MATERNO CENTRAL, 1ª, QUIRÓFANO 1 ZONA INTERMEDIA
74915, MATERNO CENTRAL, 2ª, QUIRÓFANO 2 Control Celadores Sala de espera
74691, MATERNO CENTRAL, 2ª, QUIRÓFANO 2 QUIRÓFANO 7 SALA ESTAR
74693, MATERNO CENTRAL, 2ª, QUIRÓFANO 2 QUIRÓFANO 7L
74692, MATERNO CENTRAL, 2ª, QUIRÓFANO 2 QUIRÓFANO 8
74534, MATERNO CENTRAL, 2ª, QUIRÓFANO 2 SUPERVISIÓN ENFERMERÍA
74606, MATERNO CENTRAL, 2ª, QUIRÓFANO 2 ZONA INTERMEDIA
74531, MATERNO CENTRAL, 8ª, QUIRÓFANO COORDINADOR QUIRÓFANO
74980, MATERNO CENTRAL, BAJA, RADIOLOGÍA Control de Citas nuevo
74950, MATERNO CENTRAL, BAJA, RADIOLOGÍA CONTROL 1
74951, MATERNO CENTRAL, BAJA, RADIOLOGÍA CONTROL 2
74952, MATERNO CENTRAL, 1ª, RADIOLOGÍA CONTROL 3
74972, MATERNO CENTRAL, BAJA, RADIOLOGÍA Convencional 2 nuevo
74973, MATERNO CENTRAL, BAJA, RADIOLOGÍA Convencional 3 nuevo
74974, MATERNO CENTRAL, BAJA, RADIOLOGÍA Convencional 4 nuevo
74965, MATERNO CENTRAL, 1ª, RADIOLOGÍA DORMITORIO MÉDICO
74967, MATERNO CENTRAL, BAJA, RADIOLOGÍA Informes TAC nuevo
74964, MATERNO CENTRAL, 1ª, RADIOLOGÍA JEFE DE SERVICIO
74979, MATERNO CENTRAL, BAJA, RADIOLOGÍA Local de Guardia nuevo
74957, MATERNO CENTRAL, 1ª, RADIOLOGÍA MAMÓGRAFO
74958, MATERNO CENTRAL, 1ª, RADIOLOGÍA MESA DE ESTEREOTAXIA
74959, MATERNO CENTRAL, 1ª, RADIOLOGÍA OFICIO
74975, MATERNO CENTRAL, BAJA, RADIOLOGÍA Sala de Informes nuevo
74954, MATERNO CENTRAL, 1ª, RADIOLOGÍA SALA DE INFORMES CONVENCIONAL
74955, MATERNO CENTRAL, 1ª, RADIOLOGÍA SALA DE INFORMES ECO
74956, MATERNO CENTRAL, 1ª, RADIOLOGÍA SALA DE INFORMES MAMOGRAFÍA
74953, MATERNO CENTRAL, 1ª, RADIOLOGÍA SALA DE INFORMES TAC
74961, MATERNO CENTRAL, 1ª, RADIOLOGÍA SECRETARÍA 1
74962, MATERNO CENTRAL, 1ª, RADIOLOGÍA SECRETARÍA 2
74963, MATERNO CENTRAL, BAJA, RADIOLOGÍA SECRETARÍA 3
74880, MATERNO CENTRAL, 1ª, RADIOLOGÍA SECRETARÍA FAX
74966, MATERNO CENTRAL, 1ª, RADIOLOGÍA SUPERVISIÓN
74978, MATERNO CENTRAL, BAJA, RADIOLOGÍA TAC Scanner nuevo
74977, MATERNO CENTRAL, BAJA, RADIOLOGÍA Telemando nuevo
74960, MATERNO CENTRAL, 1ª, RADIOLOGÍA ZONA CENTRO
72810, MATERNO J CARLOS I, BAJA, REHABILITACIÓN Admisión
72824, MATERNO J CARLOS I, BAJA, REHABILITACIÓN Admisión FAX
72813, MATERNO J CARLOS I, 1ª, REHABILITACIÓN Despacho 1 Jefe de Servicio
72814, MATERNO J CARLOS I, 1ª, REHABILITACIÓN Despacho 2
72815, MATERNO J CARLOS I, 1ª, REHABILITACIÓN Despacho 3
72816, MATERNO J CARLOS I, 1ª, REHABILITACIÓN Despacho 4 Foniatría
74568, MATERNO CENTRAL, 2ª, REHABILITACIÓN Despacho Jefe de Servicio
72817, MATERNO J CARLOS I, 1ª, REHABILITACIÓN Gimnasio general neurológico
72818, MATERNO J CARLOS I, 1ª, REHABILITACIÓN Secretaría Control
72812, MATERNO J CARLOS I, 1ª, REHABILITACIÓN Supervisión de Enfermería
72819, MATERNO J CARLOS I, 1ª, REHABILITACIÓN Terapia Ocupacional
74837, MATERNO CENTRAL, 8ª, RELIGIOSO SACRISTÍA
78511, MATERNO MAR, BAJA, SERVICIOS GENERALES Celadores Hall Principal
74569, MATERNO CENTRAL, 2ª, SERVICIOS GENERALES Control Celadores de Consultas Externas
74532, MATERNO CENTRAL, BAJA, SERVICIOS GENERALES Despacho Celadores Correspondencia
74516, MATERNO CENTRAL, BAJA, SERVICIOS GENERALES ENCARGADO TURNO CELADORES
74926, MATERNO NORTE, 1ª, SERVICIOS GENERALES Fotocopiadora
74641, MATERNO ANEXO 2, 1ª, SERVICIOS GENERALES GOBERNANTE LIMPIEZA
74680, MATERNO CENTRAL, BAJA, SERVICIOS GENERALES HALL CONTROL CELADORES
74515, MATERNO ANEXO 2, 1ª, SERVICIOS GENERALES JEFE DE CELADORES
74851, MATERNO ANEXO 2, 1ª, SERVICIOS GENERALES JEFE DE CELADORES
74858, MATERNO CENTRAL, SOT1, SERVICIOS GENERALES OFICIO CELADORES
74821, MATERNO CENTRAL, 5ª, SINDICATOS CGT
74825, MATERNO CENTRAL, 4ª, SINDICATOS CCOO
74823, MATERNO CENTRAL, 6ª, SINDICATOS INTERSINDICAL CANARIA
74826, MATERNO CENTRAL, 6ª, SINDICATOS INTERSINDICAL CANARIA FAX
74594, MATERNO CENTRAL, 3ª, SINDICATOS Mesa Coordinadora y Mesa Central
74845, MATERNO CENTRAL, 5ª, SINDICATOS SAE
74820, MATERNO CENTRAL, 5ª, SINDICATOS SATSE
74788, MATERNO CENTRAL, 7ª, SINDICATOS SEPCA
74661, MATERNO CENTRAL, 8ª, SINDICATOS SICS
74824, MATERNO CENTRAL, 4ª, SINDICATOS UGT
74936, MATERNO NORTE, 1ª, SUBDIRECCIÓN DE ENFERMERÍA DESPACHO
74929, MATERNO NORTE, 1ª, SUBDIRECCIÓN DE ENFERMERÍA Oficio
74935, MATERNO NORTE, 1ª, SUBDIRECCIÓN DE ENFERMERÍA SAF Área de adultos
74934, MATERNO NORTE, 1ª, SUBDIRECCIÓN DE ENFERMERÍA SAF Área de Pediatría
74942, MATERNO NORTE, 1ª, SUBDIRECCIÓN DE ENFERMERÍA Sala de Reuniones Enfermería
74940, MATERNO NORTE, 1ª, SUBDIRECCIÓN DE ENFERMERÍA Secretaria de Enfermería
74941, MATERNO NORTE, 1ª, SUBDIRECCIÓN DE ENFERMERÍA Secretaria de Enfermería 2
74883, MATERNO NORTE, 1ª, SUBDIRECCIÓN DE ENFERMERÍA Secretaria de Enfermería FAX
74938, MATERNO NORTE, 1ª, SUBDIRECCIÓN DE ENFERMERÍA Subdirección de Enfermería
74939, MATERNO NORTE, 1ª, SUBDIRECCIÓN DE ENFERMERÍA Subdirección de Enfermería
74913, MATERNO CENTRAL, 2ª, SUBDIRECCIÓN DE ENFERMERÍA Supervisión General
74937, MATERNO NORTE, 1ª, SUBDIRECCIÓN DE ENFERMERÍA Supervisor General
78541, MATERNO NORTE, SOT1, SUMINISTROS Almacén Control 1
78542, MATERNO NORTE, SOT1, SUMINISTROS Almacén Control 2
78540, MATERNO NORTE, SOT1, SUMINISTROS Almacén Despacho
78774, MATERNO NORTE, SOT1, SUMINISTROS Almacén FAX
78539, MATERNO NORTE, SOT1, SUMINISTROS Almacén Tránsito
74727, MATERNO CENTRAL, 5ª, TOCOGINECOLOGÍA DESPACHO MÉDICO
74817, MATERNO CENTRAL, 8ª, TOCOGINECOLOGÍA DESPACHO MÉDICO
74554, MATERNO CENTRAL, 5ª, TOCOGINECOLOGÍA ESTIMULACIÓN TEMPRANA
74829, MATERNO CENTRAL, 5ª, TOCOGINECOLOGÍA FINAL GESTACIÓN
74600, MATERNO CENTRAL, 5ª, TOCOGINECOLOGÍA FISIOPATOLOGÍA FETAL
74584, MATERNO CENTRAL, 7ª, TOCOGINECOLOGÍA INFORMÁTICA
74828, MATERNO CENTRAL, 7ª, TOCOGINECOLOGÍA INFORMÁTICA
74827, MATERNO CENTRAL, 8ª, TOCOGINECOLOGÍA JEFE DE SERVICIO
74585, MATERNO CENTRAL, 7ª, TOCOGINECOLOGÍA NIDOS
74587, MATERNO CENTRAL, 6ª, TOCOGINECOLOGÍA NIDOS
74813, MATERNO CENTRAL, 6ª, TOCOGINECOLOGÍA RECONOCIMIENTO
74832, MATERNO CENTRAL, 6ª, TOCOGINECOLOGÍA SALA SESIONES
74830, MATERNO CENTRAL, 8ª, TOCOGINECOLOGÍA SECRETARÍA JEFE SERVICIO
74818, MATERNO CENTRAL, 8ª, TOCOGINECOLOGÍA SECRETARÍA PLANTAS 5 6 7 8
74833, MATERNO CENTRAL, 5ª, TOCOGINECOLOGÍA SUPERVISIÓN ENFERMERÍA
74616, MATERNO CENTRAL, 8ª, TOCOGINECOLOGÍA SUPERVISIÓN ENFERMERÍA
74617, MATERNO CENTRAL, 7ª, TOCOGINECOLOGÍA SUPERVISIÓN ENFERMERÍA
74618, MATERNO CENTRAL, 6ª, TOCOGINECOLOGÍA SUPERVISIÓN ENFERMERÍA
74619, MATERNO CENTRAL, 5ª, TOCOGINECOLOGÍA SUPERVISIÓN ENFERMERÍA
74588, MATERNO CENTRAL, 5ª, TOCOGINECOLOGÍA UNIDAD DE DIABETES GESTACIONAL
74847, MATERNO CENTRAL, 5ª, TRAUMATOLOGÍA DORMITORIO Nº 3
74982, MATERNO CENTRAL, 2ª, TRAUMATOLOGÍA JEFE DE SERVICIO
74981, MATERNO CENTRAL, 2ª, TRAUMATOLOGÍA SECRETARÍA
74539, MATERNO CENTRAL, 5ª, UEI CONTROL
74589, MATERNO CENTRAL, 5ª, UEI DESPACHO MÉDICO
74620, MATERNO CENTRAL, 5ª, UEI DESPACHO MÉDICO
74621, MATERNO CENTRAL, 5ª, UEI SUPERVISIÓN ENFERMERÍA
74598, MATERNO CENTRAL, 3ª, UMI NEONATOLOGÍA BOX 1
74597, MATERNO CENTRAL, 3ª, UMI NEONATOLOGÍA BOX 2
74595, MATERNO CENTRAL, 3ª, UMI NEONATOLOGÍA CONTROL
74596, MATERNO CENTRAL, 3ª, UMI NEONATOLOGÍA CRITICOS
74490, MATERNO CENTRAL, 1ª, UMI PEDIÁTRICA CONTROL 1
74491, MATERNO CENTRAL, 1ª, UMI PEDIÁTRICA CONTROL 2
74497, MATERNO CENTRAL, 1ª, UMI PEDIÁTRICA Despacho Médico 1
74495, MATERNO CENTRAL, 1ª, UMI PEDIÁTRICA Exploración y Técnicas
74493, MATERNO CENTRAL, 1ª, UMI PEDIÁTRICA Jefe de Servicio
74496, MATERNO CENTRAL, 1ª, UMI PEDIÁTRICA Sala de Sesiones
74492, MATERNO CENTRAL, 1ª, UMI PEDIÁTRICA Secretaría
74890, MATERNO CENTRAL, 1ª, UMI PEDIÁTRICA Secretaría Fax
74494, MATERNO CENTRAL, 1ª, UMI PEDIÁTRICA Supervisión
74590, MATERNO CENTRAL, 2ª, UNIDAD CIRUGÍA SIN INGRESO CONTROL
74559, MATERNO CENTRAL, 2ª, UNIDAD CIRUGÍA SIN INGRESO DESPACHO MÉDICO
74560, MATERNO CENTRAL, 2ª, UNIDAD CIRUGÍA SIN INGRESO SECRETARÍA
74708, MATERNO CENTRAL, 3ª, UNIDAD DE DIÁLISIS PEDIÁTRICA SALA DE DIÁLISIS
74816, MATERNO CENTRAL, 7ª, UNIDAD DE LACTANCIA MATERNA DESPACHO ENFERMERÍA
74779, MATERNO CENTRAL, 6ª, UNIDAD DOCENTE DE MATRONAS Despacho
74885, MATERNO NORTE, BAJA, URGENCIAS GINECOLOGÍA Admisión Fax
74518, MATERNO NORTE, BAJA, URGENCIAS GINECOLOGÍA ADMISIÓN 1
74519, MATERNO NORTE, BAJA, URGENCIAS GINECOLOGÍA ADMISIÓN 2
74751, MATERNO NORTE, BAJA, URGENCIAS GINECOLOGÍA BOX 1
74752, MATERNO NORTE, BAJA, URGENCIAS GINECOLOGÍA BOX 2
74753, MATERNO NORTE, BAJA, URGENCIAS GINECOLOGÍA BOX 3
74521, MATERNO NORTE, BAJA, URGENCIAS GINECOLOGÍA CELADORES
74775, MATERNO NORTE, BAJA, URGENCIAS GINECOLOGÍA CUARTO GASOMETRÍA
74754, MATERNO NORTE, BAJA, URGENCIAS GINECOLOGÍA DESPACHO ANESTESISTA
74756, MATERNO NORTE, BAJA, URGENCIAS GINECOLOGÍA DESPACHO ENFERMERÍA
74755, MATERNO NORTE, BAJA, URGENCIAS GINECOLOGÍA DESPACHO MÉDICO
74771, MATERNO NORTE, BAJA, URGENCIAS GINECOLOGÍA EXPECTANTES 1
74772, MATERNO NORTE, BAJA, URGENCIAS GINECOLOGÍA EXPECTANTES 2
74758, MATERNO NORTE, BAJA, URGENCIAS GINECOLOGÍA JEFE DE SERVICIO
74760, MATERNO NORTE, BAJA, URGENCIAS GINECOLOGÍA OBSERVACIÓN GINECOLÓGICA
74759, MATERNO NORTE, BAJA, URGENCIAS GINECOLOGÍA OFICIO
74761, MATERNO NORTE, BAJA, URGENCIAS GINECOLOGÍA PARITORIO 1
74770, MATERNO NORTE, BAJA, URGENCIAS GINECOLOGÍA PARITORIO 10
74762, MATERNO NORTE, BAJA, URGENCIAS GINECOLOGÍA PARITORIO 2
74763, MATERNO NORTE, BAJA, URGENCIAS GINECOLOGÍA PARITORIO 3
74764, MATERNO NORTE, BAJA, URGENCIAS GINECOLOGÍA PARITORIO 4
74765, MATERNO NORTE, BAJA, URGENCIAS GINECOLOGÍA PARITORIO 5
74766, MATERNO NORTE, BAJA, URGENCIAS GINECOLOGÍA PARITORIO 6
74767, MATERNO NORTE, BAJA, URGENCIAS GINECOLOGÍA PARITORIO 7
74768, MATERNO NORTE, BAJA, URGENCIAS GINECOLOGÍA PARITORIO 8 parto natural
74769, MATERNO NORTE, BAJA, URGENCIAS GINECOLOGÍA PARITORIO 9
74773, MATERNO NORTE, BAJA, URGENCIAS GINECOLOGÍA PUERPERIO
74774, MATERNO NORTE, BAJA, URGENCIAS GINECOLOGÍA QUIRÓFANO
74757, MATERNO NORTE, BAJA, URGENCIAS GINECOLOGÍA SUPERVISIÓN ENFERMERÍA
74750, MATERNO NORTE, BAJA, URGENCIAS GINECOLOGÍA TRANSICIÓN
74670, MATERNO CENTRAL, BAJA, URGENCIAS PEDIATRÍA BOX ESCOLARES
74672, MATERNO CENTRAL, BAJA, URGENCIAS PEDIATRÍA BOX LACTANTES
74650, MATERNO CENTRAL, BAJA, URGENCIAS PEDIATRÍA Celadores
74656, MATERNO CENTRAL, BAJA, URGENCIAS PEDIATRÍA Consulta 1